{"cameraMode":{"drawMode":0,"name":"Shaded","section":"Shading Mode"},"sceneLighting":false,"audioPlay":false,"sceneViewState":{"showFog":true,"showMaterialUpdate":false,"showSkybox":false,"showFlares":true,"showImageEffects":true,"showParticleSystems":true},"in2DMode":false,"pivot":{"x":-0.2619999945163727,"y":1.2999999523162842,"z":1.0670000314712525},"rotation":{"x":-0.02205876260995865,"y":-0.732123076915741,"z":0.6804161071777344,"w":-0.023715905845165254},"size":0.27862629294395449,"orthographic":false}